{
  "n_rows": 10,
  "median_differentiation_gap": 0.033999999999999975,
  "recommendation": "KILL",
  "gaps": [
    0.18700000000000006,
    0.07399999999999995,
    0.04599999999999993,
    0.5049999999999999,
    0.013000000000000012,
    0.02200000000000002,
    0.020000000000000018,
    0.09399999999999997,
    0.0010000000000000009,
    0.0030000000000000027
  ]
}
